protocol,contract,n_features,accuracy,ci_low,ci_high,f1,n,majority
holdout-test,24-col,24,0.8926666666666667,0.8759867753352892,0.9073404048677323,0.8718425422076796,1500,0.4
holdout-test,23-col,23,0.8933333333333333,0.8766943806090536,0.9079627268948217,0.8711268623772265,1500,0.4
holdout-test,residuals+conditions,8,0.8226666666666667,0.8025201576442182,0.8411646559691304,0.7851597061449642,1500,0.4
holdout-test,residuals,5,0.8226666666666667,0.8025201576442182,0.8411646559691304,0.782960710288906,1500,0.4
holdout-test,23-col-minus-dead,17,0.8953333333333333,0.8788183382386792,0.9098285511677582,0.8752040859041168,1500,0.4
holdout-domain-Tset>48,23-col,23,0.8960468521229868,0.8787356844422785,0.9111366628422544,0.8731861371251136,1366,0.404099560761347
holdout-domain-Tset>48,residuals+conditions,8,0.7701317715959004,0.7470799148696248,0.7916685068457034,0.7270236496546192,1366,0.404099560761347
holdout-domain-Tset>48,residuals,5,0.7642752562225475,0.741044384946844,0.78602385418387,0.7213916732664621,1366,0.404099560761347
holdout-domain-Tset>48,23-col-minus-dead,17,0.8982430453879942,0.8810769862746151,0.9131754294791481,0.8775280672501261,1366,0.404099560761347
