estimator,dew,dmin,acc,f1,acc_14,acc_16,mae_healthy,n
knn-k1-median-unif,TT,0.0,0.6501086696053899,0.505322809965384,0.7297520661157024,0.5704652730950776,0.0,5386
knn-k1-median-unif,TT,0.1,0.5405100784092999,0.4423653382339008,0.5371900826446281,0.5438300741739717,5.6488605423716365,5386
knn-k1-median-unif,TT,0.25,0.5037589931064461,0.4199310533472952,0.48223140495867767,0.5252865812542145,7.955904853095987,5386
knn-k1-median-unif,TT,0.5,0.5010566029324075,0.42366000820916555,0.47851239669421486,0.5236008091706001,8.637465642763116,5386
knn-k1-median-unif,TT,1.0,0.4496177059010382,0.3722831220593439,0.4214876033057851,0.4777478084962913,9.235576143537312,5386
knn-k1-median-unif,TT,2.0,0.4269584213371377,0.34978979959658285,0.4115702479338843,0.4423465947403911,13.8067642955,5386
knn-k1-mean-unif,TT,0.0,0.6501086696053899,0.505322809965384,0.7297520661157024,0.5704652730950776,0.0,5386
knn-k1-mean-unif,TT,0.1,0.5405100784092999,0.4423653382339008,0.5371900826446281,0.5438300741739717,5.6488605423716365,5386
knn-k1-mean-unif,TT,0.25,0.5037589931064461,0.4199310533472952,0.48223140495867767,0.5252865812542145,7.955904853095987,5386
knn-k1-mean-unif,TT,0.5,0.5010566029324075,0.42366000820916555,0.47851239669421486,0.5236008091706001,8.637465642763116,5386
knn-k1-mean-unif,TT,1.0,0.4496177059010382,0.3722831220593439,0.4214876033057851,0.4777478084962913,9.235576143537312,5386
knn-k1-mean-unif,TT,2.0,0.4269584213371377,0.34978979959658285,0.4115702479338843,0.4423465947403911,13.8067642955,5386
knn-k1-mean-dist,TT,0.0,0.6501086696053899,0.505322809965384,0.7297520661157024,0.5704652730950776,0.0,5386
knn-k1-mean-dist,TT,0.1,0.5405100784092999,0.4423653382339008,0.5371900826446281,0.5438300741739717,5.6488605423716365,5386
knn-k1-mean-dist,TT,0.25,0.5037589931064461,0.4199310533472952,0.48223140495867767,0.5252865812542145,7.955904853095987,5386
knn-k1-mean-dist,TT,0.5,0.5010566029324075,0.42366000820916555,0.47851239669421486,0.5236008091706001,8.637465642763116,5386
knn-k1-mean-dist,TT,1.0,0.4496177059010382,0.3722831220593439,0.4214876033057851,0.4777478084962913,9.235576143537312,5386
knn-k1-mean-dist,TT,2.0,0.4269584213371377,0.34978979959658285,0.4115702479338843,0.4423465947403911,13.8067642955,5386
knn-k3-median-unif,TT,0.0,0.6345418879532776,0.49535623763297343,0.7016528925619835,0.5674308833445718,0.7925555961049189,5386
knn-k3-median-unif,TT,0.1,0.5278410135809143,0.4376513437143437,0.518595041322314,0.5370869858395145,5.935518901555763,5386
knn-k3-median-unif,TT,0.25,0.5064726682010443,0.4241589660649405,0.4805785123966942,0.5323668240053945,8.471192509760284,5386
knn-k3-median-unif,TT,0.5,0.4860274571869619,0.4087251576107294,0.4599173553719008,0.512137559002023,8.920837596526393,5386
knn-k3-median-unif,TT,1.0,0.4494707232937479,0.37304983401753367,0.42355371900826444,0.4753877275792313,9.431209882400214,5386
knn-k3-median-unif,TT,2.0,0.4275134722446682,0.3509410749330007,0.4066115702479339,0.44841537424140254,13.887707208321494,5386
knn-k3-mean-unif,TT,0.0,0.5900607713870143,0.47815833084376413,0.6103305785123967,0.5697909642616318,1.5135100706361246,5386
knn-k3-mean-unif,TT,0.1,0.5173695825415313,0.4330422579206228,0.4909090909090909,0.5438300741739717,6.088843844329481,5386
knn-k3-mean-unif,TT,0.25,0.5011665264178597,0.41434839910881704,0.46322314049586777,0.5391099123398516,8.241932105207939,5386
knn-k3-mean-unif,TT,0.5,0.4932105181032417,0.41330692832422483,0.4665289256198347,0.5198921105866486,8.514234760894631,5386
knn-k3-mean-unif,TT,1.0,0.4587034601516916,0.38490879141466283,0.4359504132231405,0.48145650708024273,8.779742880019901,5386
knn-k3-mean-unif,TT,2.0,0.4397744687728137,0.3601180777028009,0.428099173553719,0.4514497639919083,12.401126440108872,5386
knn-k3-mean-dist,TT,0.0,0.6518921050138484,0.5066732994623078,0.7326446280991735,0.5711395819285232,0.00011873351941864705,5386
knn-k3-mean-dist,TT,0.1,0.5294784416221308,0.44164405062069806,0.5107438016528926,0.5482130815913688,5.767585570842148,5386
knn-k3-mean-dist,TT,0.25,0.5057119809633143,0.4190141466546714,0.47231404958677686,0.5391099123398516,8.02293983520098,5386
knn-k3-mean-dist,TT,0.5,0.4942980500771833,0.41339049734522104,0.46735537190082643,0.5212407282535402,8.474063262146833,5386
knn-k3-mean-dist,TT,1.0,0.45874149451357815,0.3848824565243255,0.43636363636363634,0.4811193526635199,8.768072488969878,5386
knn-k3-mean-dist,TT,2.0,0.4389860568537084,0.35918955716516643,0.4268595041322314,0.45111260957518545,12.407242396828034,5386
knn-k5-median-unif,TT,0.0,0.6024790602029614,0.479125464937037,0.6371900826446281,0.5677680377612947,2.1490859125982005,5386
knn-k5-median-unif,TT,0.1,0.5186247164837859,0.4309252380471621,0.5045454545454545,0.5327039784221174,6.861976296961019,5386
knn-k5-median-unif,TT,0.25,0.4991107203958917,0.40839921169857146,0.4665289256198347,0.5316925151719487,9.137052124665736,5386
knn-k5-median-unif,TT,0.5,0.482362923045201,0.40039196289833634,0.4512396694214876,0.5134861766689144,8.943762273139477,5386
knn-k5-median-unif,TT,1.0,0.45197165673779416,0.37424453043293227,0.4305785123966942,0.4733648010788941,9.18834357594137,5386
knn-k5-median-unif,TT,2.0,0.4339677502048004,0.35404954151926776,0.41446280991735535,0.4534726904922454,13.379964931672763,5386
knn-k5-mean-unif,TT,0.0,0.5543498492557526,0.4532292105919974,0.5355371900826447,0.5731625084288604,2.9908738615835198,5386
knn-k5-mean-unif,TT,0.1,0.4991713245988977,0.41156746459447924,0.456198347107438,0.5421443020903574,6.597752700062567,5386
knn-k5-mean-unif,TT,0.25,0.4951470661992945,0.40806814933425906,0.45826446280991734,0.5320296695886716,8.034037529513837,5386
knn-k5-mean-unif,TT,0.5,0.48527707962974315,0.4056323413643238,0.4590909090909091,0.5114632501685772,8.125745095116814,5386
knn-k5-mean-unif,TT,1.0,0.45750084985204215,0.3809205559523381,0.44669421487603306,0.46830748482805123,8.580662792807141,5386
knn-k5-mean-unif,TT,2.0,0.4409432243107839,0.36169040011081705,0.4334710743801653,0.44841537424140254,12.051040876391863,5386
knn-k5-mean-dist,TT,0.0,0.6528490941413151,0.5065928515994196,0.7338842975206612,0.571813890761969,0.0001981965432064562,5386
knn-k5-mean-dist,TT,0.1,0.5184951488773594,0.42900253094498597,0.4921487603305785,0.5448415374241402,5.966940166648117,5386
knn-k5-mean-dist,TT,0.25,0.5010740179332713,0.4138056989959278,0.4640495867768595,0.5380984490896831,7.832900515444518,5386
knn-k5-mean-dist,TT,0.5,0.4880884180491855,0.40771260168587803,0.46033057851239667,0.5158462575859744,8.102168901526262,5386
knn-k5-mean-dist,TT,1.0,0.4552281225793149,0.3779123062679737,0.44214876033057854,0.46830748482805123,8.563551114600074,5386
knn-k5-mean-dist,TT,2.0,0.446271935935088,0.36697195382680087,0.44008264462809915,0.4524612272420769,12.049097220251808,5386
knn-k10-median-unif,TT,0.0,0.5619719075138065,0.4676363858828983,0.5615702479338843,0.5623735670937289,4.155325670002546,5386
knn-k10-median-unif,TT,0.1,0.506538427244306,0.4269597678577717,0.47396694214876034,0.5391099123398516,6.853588613339665,5386
knn-k10-median-unif,TT,0.25,0.49069314489838,0.410052968169033,0.46115702479338844,0.5202292650033715,8.261486470046036,5386
knn-k10-median-unif,TT,0.5,0.4821830609162798,0.4088494844864301,0.45661157024793386,0.5077545515846258,8.244291083655627,5386
knn-k10-median-unif,TT,1.0,0.45934906906371387,0.38951351343517354,0.45578512396694215,0.4629130141604855,8.544520827397273,5386
knn-k10-median-unif,TT,2.0,0.4437390982094592,0.36052690784422214,0.42355371900826444,0.46392447741065407,12.390545325231972,5386
knn-k10-mean-unif,TT,0.0,0.5213023076965945,0.43730665911793704,0.4768595041322314,0.5657451112609575,5.237389389309305,5386
knn-k10-mean-unif,TT,0.1,0.4990839709545649,0.4160970663942999,0.4607438016528926,0.5374241402562373,7.08572979332123,5386
knn-k10-mean-unif,TT,0.25,0.49327627714650335,0.41427190054282637,0.4599173553719008,0.5266351989211059,8.153078007199158,5386
knn-k10-mean-unif,TT,0.5,0.4865989478553078,0.4100850025905004,0.45330578512396696,0.5198921105866486,7.898887174761459,5386
knn-k10-mean-unif,TT,1.0,0.4568810151412983,0.3838427966221721,0.44545454545454544,0.46830748482805123,8.544645521539975,5386
knn-k10-mean-unif,TT,2.0,0.457403186527198,0.3709387392257577,0.44380165289256196,0.47100472016183415,12.035997228874738,5386
knn-k10-mean-dist,TT,0.0,0.660129818382439,0.5185084861742824,0.7433884297520661,0.5768712070128119,0.0003410167663872948,5386
knn-k10-mean-dist,TT,0.1,0.5120305612367159,0.4269095704741748,0.4768595041322314,0.5472016183412003,6.2077425384659355,5386
knn-k10-mean-dist,TT,0.25,0.4969140618469375,0.41383296189074964,0.4628099173553719,0.531018206338503,7.836537579246727,5386
knn-k10-mean-dist,TT,0.5,0.48546209659892003,0.4092717054664219,0.45743801652892563,0.5134861766689144,7.7818895101231895,5386
knn-k10-mean-dist,TT,1.0,0.4544828998623518,0.38163117791890055,0.4450413223140496,0.46392447741065407,8.40475707638216,5386
knn-k10-mean-dist,TT,2.0,0.45550564803308013,0.3695948354656545,0.4396694214876033,0.471341874578557,11.938684717370583,5386
knn-k20-median-unif,TT,0.0,0.5233068439560195,0.4381292238023712,0.5041322314049587,0.5424814565070802,5.340926894123152,5386
knn-k20-median-unif,TT,0.1,0.4860213271066578,0.4122159838731238,0.4690082644628099,0.5030343897505057,6.599317732147128,5386
knn-k20-median-unif,TT,0.25,0.47724500259135216,0.4028991382421727,0.4615702479338843,0.49291975724882,7.126442700147313,5386
knn-k20-median-unif,TT,0.5,0.4694472618045842,0.3987050059519899,0.45743801652892563,0.48145650708024273,7.292415173929949,5386
knn-k20-median-unif,TT,1.0,0.4423998149830308,0.3708996772994405,0.44380165289256196,0.44099797707349964,8.729398862169754,5386
knn-k20-median-unif,TT,2.0,0.43836106730270896,0.3492017531006512,0.421900826446281,0.4548213081591369,12.186518603538794,5386
knn-k20-mean-unif,TT,0.0,0.49868105749458047,0.4145139191272409,0.46735537190082643,0.5300067430883345,6.495828584414679,5386
knn-k20-mean-unif,TT,0.1,0.4882292705761718,0.40912955932164297,0.46735537190082643,0.5091031692515172,7.632154495420104,5386
knn-k20-mean-unif,TT,0.25,0.48447222794982253,0.40316424702286685,0.45950413223140496,0.5094403236682401,8.027415586774302,5386
knn-k20-mean-unif,TT,0.5,0.47976850587651787,0.4005851912213777,0.4578512396694215,0.5016857720836143,7.968282763778334,5386
knn-k20-mean-unif,TT,1.0,0.45392269411456565,0.3795834633679265,0.4462809917355372,0.46156439649359404,9.243011505823334,5386
knn-k20-mean-unif,TT,2.0,0.4398772869379134,0.35174104167119113,0.43471074380165287,0.445043830074174,12.234281622862715,5386
knn-k20-mean-dist,TT,0.0,0.6549635538861922,0.5203239450287246,0.7458677685950413,0.5640593391773432,0.0004940098546059074,5386
knn-k20-mean-dist,TT,0.1,0.501763791287484,0.42108555411387755,0.47520661157024796,0.5283209710047202,6.49900156392959,5386
knn-k20-mean-dist,TT,0.25,0.49319407834242635,0.4101648366666465,0.4681818181818182,0.5182063385030344,7.7198319825709465,5386
knn-k20-mean-dist,TT,0.5,0.4874192640559955,0.4057727046324542,0.4640495867768595,0.5107889413351315,7.706972899206573,5386
knn-k20-mean-dist,TT,1.0,0.4605187998417325,0.38832136711438847,0.44834710743801653,0.4726904922454484,8.782912670678337,5386
knn-k20-mean-dist,TT,2.0,0.44054031085079937,0.35253541141917544,0.44008264462809915,0.44099797707349964,12.095884143634407,5386
knn-k1-median-unif,TTdew,0.0,0.6351555925837173,0.4861657857065865,0.7119834710743802,0.5583277140930546,0.0,5386
knn-k1-median-unif,TTdew,0.1,0.5504109940203853,0.4433482569275631,0.5586776859504132,0.5421443020903574,5.104119008039474,5386
knn-k1-median-unif,TTdew,0.25,0.513247660817084,0.4165315546687291,0.4900826446280992,0.5364126770060688,7.49139222611417,5386
knn-k1-median-unif,TTdew,0.5,0.5087073611118851,0.41579998303701593,0.4847107438016529,0.5327039784221174,6.988714043351053,5386
knn-k1-median-unif,TTdew,1.0,0.48293343847349857,0.3880110925737599,0.45743801652892563,0.5084288604180714,8.57326443475596,5386
knn-k1-median-unif,TTdew,2.0,0.4387330517211594,0.3583113505055989,0.39297520661157026,0.4844908968307485,11.997949544964666,5386
knn-k1-mean-unif,TTdew,0.0,0.6351555925837173,0.4861657857065865,0.7119834710743802,0.5583277140930546,0.0,5386
knn-k1-mean-unif,TTdew,0.1,0.5504109940203853,0.4433482569275631,0.5586776859504132,0.5421443020903574,5.104119008039474,5386
knn-k1-mean-unif,TTdew,0.25,0.513247660817084,0.4165315546687291,0.4900826446280992,0.5364126770060688,7.49139222611417,5386
knn-k1-mean-unif,TTdew,0.5,0.5087073611118851,0.41579998303701593,0.4847107438016529,0.5327039784221174,6.988714043351053,5386
knn-k1-mean-unif,TTdew,1.0,0.48293343847349857,0.3880110925737599,0.45743801652892563,0.5084288604180714,8.57326443475596,5386
knn-k1-mean-unif,TTdew,2.0,0.4387330517211594,0.3583113505055989,0.39297520661157026,0.4844908968307485,11.997949544964666,5386
knn-k1-mean-dist,TTdew,0.0,0.6351555925837173,0.4861657857065865,0.7119834710743802,0.5583277140930546,0.0,5386
knn-k1-mean-dist,TTdew,0.1,0.5504109940203853,0.4433482569275631,0.5586776859504132,0.5421443020903574,5.104119008039474,5386
knn-k1-mean-dist,TTdew,0.25,0.513247660817084,0.4165315546687291,0.4900826446280992,0.5364126770060688,7.49139222611417,5386
knn-k1-mean-dist,TTdew,0.5,0.5087073611118851,0.41579998303701593,0.4847107438016529,0.5327039784221174,6.988714043351053,5386
knn-k1-mean-dist,TTdew,1.0,0.48293343847349857,0.3880110925737599,0.45743801652892563,0.5084288604180714,8.57326443475596,5386
knn-k1-mean-dist,TTdew,2.0,0.4387330517211594,0.3583113505055989,0.39297520661157026,0.4844908968307485,11.997949544964666,5386
knn-k3-median-unif,TTdew,0.0,0.6353406095528942,0.48902083233199245,0.7103305785123967,0.5603506405933918,0.3517913256289572,5386
knn-k3-median-unif,TTdew,0.1,0.5316525303299655,0.43236324936845416,0.525206611570248,0.5380984490896831,6.335491050238993,5386
knn-k3-median-unif,TTdew,0.25,0.50622802226891,0.4109043457154854,0.4797520661157025,0.5327039784221174,8.073963368946133,5386
knn-k3-median-unif,TTdew,0.5,0.5041290270447998,0.4133186551656296,0.47892561983471077,0.5293324342548887,7.395281671208209,5386
knn-k3-median-unif,TTdew,1.0,0.48228072424112395,0.3899054997586029,0.45950413223140496,0.5050573162508429,8.678354136557845,5386
knn-k3-median-unif,TTdew,2.0,0.4436865745668541,0.36168346014710384,0.39917355371900826,0.4881995954146999,12.140240676236811,5386
knn-k3-mean-unif,TTdew,0.0,0.6076823838210462,0.48234314856894595,0.6479338842975206,0.5674308833445718,1.2514418971949302,5386
knn-k3-mean-unif,TTdew,0.1,0.5307777400065758,0.4363346167883614,0.515702479338843,0.5458530006743089,6.028039566841547,5386
knn-k3-mean-unif,TTdew,0.25,0.5075714850955456,0.4151541536690081,0.47603305785123967,0.5391099123398516,7.551669799930743,5386
knn-k3-mean-unif,TTdew,0.5,0.5035472266959424,0.41394724763841234,0.478099173553719,0.5289952798381659,6.996659301925522,5386
knn-k3-mean-unif,TTdew,1.0,0.48876175164258284,0.3986109949133604,0.4731404958677686,0.5043830074173972,8.23347824501953,5386
knn-k3-mean-unif,TTdew,2.0,0.45244548408129603,0.3743453107916388,0.42107438016528925,0.48381658799730276,11.137376527018699,5386
knn-k3-mean-dist,TTdew,0.0,0.6448724664656743,0.4991148813982924,0.7223140495867768,0.5674308833445718,3.0127906607235416e-05,5386
knn-k3-mean-dist,TTdew,0.1,0.5498353237518321,0.44893881650911366,0.5487603305785124,0.5509103169251517,5.41335902680215,5386
knn-k3-mean-dist,TTdew,0.25,0.5151184498698751,0.4210482340279436,0.4884297520661157,0.5418071476736345,7.380687395800632,5386
knn-k3-mean-dist,TTdew,0.5,0.5092459722586002,0.41892951911733955,0.48140495867768596,0.5370869858395145,6.8741735920405524,5386
knn-k3-mean-dist,TTdew,1.0,0.4918341757549751,0.40070516331010647,0.4735537190082645,0.5101146325016858,8.111669238386922,5386
knn-k3-mean-dist,TTdew,2.0,0.4517876150086657,0.373326885092653,0.4194214876033058,0.48415374241402565,11.14166184612167,5386
knn-k5-median-unif,TTdew,0.0,0.6001734534086033,0.47656648727549655,0.6359504132231405,0.5643964935940661,2.2060270329345597,5386
knn-k5-median-unif,TTdew,0.1,0.5295267856645285,0.43519068843964936,0.518595041322314,0.540458530006743,6.479427164998788,5386
knn-k5-median-unif,TTdew,0.25,0.5092295324977848,0.41781490701683993,0.48305785123966943,0.5354012137559002,7.852632612379257,5386
knn-k5-median-unif,TTdew,0.5,0.5024381001209298,0.41294644520610446,0.47520661157024796,0.5296695886716116,7.763504244490046,5386
knn-k5-median-unif,TTdew,1.0,0.4802094536983889,0.39188288692040435,0.4516528925619835,0.5087660148347943,8.880944636804921,5386
knn-k5-median-unif,TTdew,2.0,0.4499722753186248,0.3760087456027593,0.40702479338842973,0.49291975724882,11.50463819267601,5386
knn-k5-mean-unif,TTdew,0.0,0.5850640593391774,0.47782157149150206,0.6,0.5701281186783547,2.736343085429569,5386
knn-k5-mean-unif,TTdew,0.1,0.526678388123248,0.4380412199185563,0.5041322314049587,0.5492245448415374,6.265224880821064,5386
knn-k5-mean-unif,TTdew,0.25,0.5183594511906288,0.4288291219366041,0.4888429752066116,0.547875927174646,7.529836611475611,5386
knn-k5-mean-unif,TTdew,0.5,0.5138130214051259,0.4270446610681623,0.4925619834710744,0.5350640593391773,7.684936441130519,5386
knn-k5-mean-unif,TTdew,1.0,0.4864397050874094,0.40188901846888336,0.4735537190082645,0.4993256911665543,8.435535660891963,5386
knn-k5-mean-unif,TTdew,2.0,0.45748538533127514,0.3781900394393705,0.43553719008264463,0.4794335805799056,10.684037368404857,5386
knn-k5-mean-dist,TTdew,0.0,0.6538657122317393,0.5090677494239058,0.737603305785124,0.5701281186783547,5.3339678504828174e-05,5386
knn-k5-mean-dist,TTdew,0.1,0.5467577447991842,0.45126660968252796,0.5446280991735537,0.5488873904248146,5.512366663452024,5386
knn-k5-mean-dist,TTdew,0.25,0.5209200135976326,0.4285552018345056,0.4983471074380165,0.5434929197572488,7.370656570139228,5386
knn-k5-mean-dist,TTdew,0.5,0.5136115646751336,0.426061480977062,0.49586776859504134,0.5313553607552259,7.483103575066984,5386
knn-k5-mean-dist,TTdew,1.0,0.49188251979737296,0.4065613163834866,0.48140495867768596,0.50236008091706,8.260306002092218,5386
knn-k5-mean-dist,TTdew,2.0,0.4572787737610272,0.37833837189860725,0.4351239669421488,0.4794335805799056,10.684770315196227,5386
knn-k10-median-unif,TTdew,0.0,0.5612585890784261,0.45631084664383437,0.5739669421487603,0.5485502360080917,3.194322088464195,5386
knn-k10-median-unif,TTdew,0.1,0.5026663062922487,0.41642682406083614,0.47768595041322315,0.5276466621712744,7.528391110833548,5386
knn-k10-median-unif,TTdew,0.25,0.4929062432081497,0.4050671257001557,0.46322314049586777,0.5225893459204316,8.6886241398743,5386
knn-k10-median-unif,TTdew,0.5,0.48355327318424235,0.4065323366365947,0.45867768595041325,0.5084288604180714,8.197789313051526,5386
knn-k10-median-unif,TTdew,1.0,0.4638307150460035,0.3929945082355903,0.44586776859504135,0.4817936614969656,8.736961761350667,5386
knn-k10-median-unif,TTdew,2.0,0.4517988999292254,0.3769326471394818,0.4140495867768595,0.48954821308159135,10.254193896905143,5386
knn-k10-mean-unif,TTdew,0.0,0.5316422206494542,0.4397535016587387,0.5177685950413223,0.545515846257586,5.1014088669648565,5386
knn-k10-mean-unif,TTdew,0.1,0.510218425906834,0.422280866957074,0.493801652892562,0.5266351989211059,7.25040161208774,5386
knn-k10-mean-unif,TTdew,0.25,0.5021595994271162,0.4151173301893308,0.49049586776859505,0.5138233310856373,8.096285287137572,5386
knn-k10-mean-unif,TTdew,0.5,0.4959222427177432,0.41347458100226453,0.49049586776859505,0.5013486176668914,8.241040850085517,5386
knn-k10-mean-unif,TTdew,1.0,0.47743419916073626,0.40119696884161044,0.4764462809917355,0.478422117329737,8.757058264215082,5386
knn-k10-mean-unif,TTdew,2.0,0.46341749190550763,0.38809162373443085,0.4450413223140496,0.4817936614969656,10.286796923953684,5386
knn-k10-mean-dist,TTdew,0.0,0.6520381123810903,0.5128771033403936,0.7433884297520661,0.5606877950101147,9.35772189574762e-05,5386
knn-k10-mean-dist,TTdew,0.1,0.5364374759672988,0.44641914320973963,0.531404958677686,0.5414699932569117,5.876175143658959,5386
knn-k10-mean-dist,TTdew,0.25,0.5139703136929276,0.4267682379783661,0.49793388429752067,0.5300067430883345,7.525979885145474,5386
knn-k10-mean-dist,TTdew,0.5,0.5050901957724737,0.4247858926842437,0.49669421487603305,0.5134861766689144,7.790208974543212,5386
knn-k10-mean-dist,TTdew,1.0,0.47589540968441235,0.4010110057599697,0.4743801652892562,0.47741065407956845,8.427510891946868,5386
knn-k10-mean-dist,TTdew,2.0,0.4608076102160575,0.3881956708532691,0.44049586776859506,0.4811193526635199,10.238711781424687,5386
knn-k20-median-unif,TTdew,0.0,0.5159007317086762,0.4269671372540178,0.4987603305785124,0.5330411328388401,5.634857697711292,5386
knn-k20-median-unif,TTdew,0.1,0.48404256504851123,0.4027243742923845,0.46033057851239667,0.5077545515846258,6.979422881930784,5386
knn-k20-median-unif,TTdew,0.25,0.47965440279085836,0.39978320033608483,0.45661157024793386,0.5026972353337829,7.467291908280821,5386
knn-k20-median-unif,TTdew,0.5,0.4800511861705388,0.403449271430774,0.4590909090909091,0.5010114632501685,7.751347061599999,5386
knn-k20-median-unif,TTdew,1.0,0.4650652296272354,0.39141411059008324,0.4446280991735537,0.4855023600809171,8.555845508066916,5386
knn-k20-median-unif,TTdew,2.0,0.4642233188254766,0.385939141031849,0.4318181818181818,0.49662845583277143,9.840909658971123,5386
knn-k20-mean-unif,TTdew,0.0,0.498299738635667,0.41470912150219197,0.47603305785123967,0.5205664194200944,7.017585724159358,5386
knn-k20-mean-unif,TTdew,0.1,0.4844825376303339,0.4046499764751577,0.4669421487603306,0.5020229265003372,8.154624455853359,5386
knn-k20-mean-unif,TTdew,0.25,0.4829601879148253,0.4025180067442127,0.46322314049586777,0.5026972353337829,8.578446207308263,5386
knn-k20-mean-unif,TTdew,0.5,0.47909935188332786,0.405842141959014,0.4615702479338843,0.49662845583277143,8.744072072383714,5386
knn-k20-mean-unif,TTdew,1.0,0.4645482130815914,0.3921431933226452,0.45,0.47909642616318276,9.447168794670466,5386
knn-k20-mean-unif,TTdew,2.0,0.46266098426798485,0.38072541028503004,0.45330578512396696,0.4720161834120027,10.15885652319831,5386
knn-k20-mean-dist,TTdew,0.0,0.641331369850036,0.501258517456503,0.7351239669421488,0.5475387727579232,0.00014190495957766723,5386
knn-k20-mean-dist,TTdew,0.1,0.5092234024174808,0.42359396151720063,0.4921487603305785,0.526298044504383,6.367246133431482,5386
knn-k20-mean-dist,TTdew,0.25,0.4972122066617255,0.41391564180086377,0.47520661157024796,0.519217801753203,7.79436589093952,5386
knn-k20-mean-dist,TTdew,0.5,0.49423229103392163,0.419103723960541,0.47396694214876034,0.5144976399190829,8.098552368398563,5386
knn-k20-mean-dist,TTdew,1.0,0.47309633142557805,0.4020762440849779,0.4549586776859504,0.49123398516520567,8.967750222545687,5386
knn-k20-mean-dist,TTdew,2.0,0.46057842880469,0.3817002969415367,0.4508264462809917,0.4703304113283884,10.01365767149323,5386
global-median,TT,0.0,0.3365492106128408,0.3081380695149758,0.3066115702479339,0.3664868509777478,37.911488718152654,5386
global-median,TT,0.1,0.3357443589329202,0.3077883622798771,0.30702479338842975,0.36446392447741066,38.08022781874985,5386
global-median,TT,0.25,0.3348254041673401,0.3076000027313388,0.30619834710743804,0.36345246122724206,38.28295717432365,5386
global-median,TT,0.5,0.3361740218342315,0.3095043412373777,0.30619834710743804,0.366149696561025,38.47968337613745,5386
global-median,TT,1.0,0.3366961932201312,0.30978324776729493,0.30454545454545456,0.36884693189480783,38.90648491828437,5386
global-median,TT,2.0,0.32343404312232854,0.30196253123719374,0.29049586776859504,0.35637221847606204,39.89801129986465,5386
global-mean,TT,0.0,0.32777706569774245,0.2959638920777976,0.315702479338843,0.3398516520566419,38.38778880711725,5386
global-mean,TT,0.1,0.3279076085442174,0.2960122355529756,0.31528925619834713,0.3405259608900877,38.674275700916624,5386
global-mean,TT,0.25,0.32749438540372156,0.29549189847740653,0.31446280991735537,0.3405259608900877,38.89230186795934,5386
global-mean,TT,0.5,0.3258630874428091,0.2947775387580717,0.31322314049586775,0.3385030343897505,39.11039609895614,5386
global-mean,TT,1.0,0.3253193214558383,0.29506074168887886,0.3128099173553719,0.3378287255563048,39.55595954710363,5386
global-mean,TT,2.0,0.32235584558884994,0.2924625094881803,0.30991735537190085,0.33479433580579904,40.56464887945191,5386
global-median,TTdew,0.0,0.3365492106128408,0.3081380695149758,0.3066115702479339,0.3664868509777478,37.911488718152654,5386
global-median,TTdew,0.1,0.33490147289111305,0.30727802856266706,0.30702479338842975,0.36277815239379635,38.00096647978598,5386
global-median,TTdew,0.25,0.33385197527905797,0.3065674071026429,0.3066115702479339,0.36109238031018204,38.040977209763184,5386
global-median,TTdew,0.5,0.3331015977218392,0.30591668019758955,0.30578512396694213,0.3604180714767363,38.08231843855471,5386
global-median,TTdew,1.0,0.33330820929208715,0.3063886697137059,0.30619834710743804,0.3604180714767363,38.2057363460565,5386
global-median,TTdew,2.0,0.3338468204388023,0.30836040446884583,0.3028925619834711,0.3648010788941335,38.67815570329516,5386
global-mean,TTdew,0.0,0.32777706569774245,0.2959638920777976,0.315702479338843,0.3398516520566419,38.38778880711725,5386
global-mean,TTdew,0.1,0.32811422011446534,0.296127472636903,0.315702479338843,0.3405259608900877,38.55996828711811,5386
global-mean,TTdew,0.25,0.3280761857525788,0.29614303759393945,0.31528925619834713,0.3408631153068105,38.62186730683867,5386
global-mean,TTdew,0.5,0.3280761857525788,0.29604777892863976,0.31528925619834713,0.3408631153068105,38.68416976600194,5386
global-mean,TTdew,1.0,0.32640685342977993,0.2948595387656566,0.31363636363636366,0.3391773432231962,38.83340696143466,5386
global-mean,TTdew,2.0,0.3242698238437833,0.293583667578872,0.31239669421487604,0.3361429534726905,39.26958925732723,5386
lin,TT,0.0,0.45957602135497067,0.3685342869124437,0.4033057851239669,0.5158462575859744,6.449847467757984,5386
lin,TT,0.1,0.4588852727607095,0.36761224315960694,0.4049586776859504,0.5128118678354686,6.553349180277632,5386
lin,TT,0.25,0.45984226188817623,0.3693661377826174,0.406198347107438,0.5134861766689144,6.615915652027636,5386
lin,TT,0.5,0.4595647364344109,0.37106898277990097,0.4086776859504132,0.5104517869184086,6.648092794215438,5386
lin,TT,1.0,0.45997795957490684,0.37088539399426546,0.40950413223140497,0.5104517869184086,6.7524097008861315,5386
lin,TT,2.0,0.46115800003343677,0.37391059668468835,0.40950413223140497,0.5128118678354686,7.000080030587908,5386
poly2,TT,0.0,0.4602564602687204,0.37391422551869846,0.3942148760330578,0.526298044504383,5.524517646605076,5386
poly2,TT,0.1,0.4607621918938047,0.3741551683465342,0.3942148760330578,0.5273095077545515,5.672497007648354,5386
poly2,TT,0.25,0.46051754596167027,0.37480246568592224,0.3933884297520661,0.5276466621712744,5.738100304642797,5386
poly2,TT,0.5,0.45815746504461025,0.37265132023983194,0.3933884297520661,0.5229265003371544,5.761876274366779,5386
poly2,TT,1.0,0.4590383854483039,0.37305286462150733,0.39380165289256197,0.5242751180040458,5.87876720447512,5386
poly2,TT,2.0,0.4589407221234598,0.3709095522269189,0.39090909090909093,0.5269723533378288,6.082168721042629,5386
ridge,TT,0.0,0.4605011062008548,0.374199316438825,0.3950413223140496,0.5259608900876601,5.523903276701484,5386
ridge,TT,0.1,0.4617191810212714,0.37494983862939074,0.39545454545454545,0.5279838165879973,5.671490321765349,5386
ridge,TT,0.25,0.4607241575319182,0.37444285631761753,0.39380165289256197,0.5276466621712744,5.736967524767204,5386
ridge,TT,0.5,0.45907641981019043,0.3731512153887996,0.3942148760330578,0.523937963587323,5.76052252629764,5386
ridge,TT,1.0,0.45894587696371547,0.37327002871209125,0.39462809917355374,0.5232636547538773,5.877091303901533,5386
ridge,TT,2.0,0.4587341105532119,0.3708055251643179,0.390495867768595,0.5269723533378288,6.079343746092537,5386
lin,TTdew,0.0,0.47964088875018807,0.39466759673114665,0.41983471074380163,0.5394470667565745,6.444486436701311,5386
lin,TTdew,0.1,0.4788905111929694,0.3940791462947759,0.4190082644628099,0.5387727579231288,6.542152103137023,5386
lin,TTdew,0.25,0.4785533567762465,0.3939129663316353,0.4190082644628099,0.5380984490896831,6.586342368960822,5386
lin,TTdew,0.5,0.4771831445082839,0.3926528914113878,0.4169421487603306,0.5374241402562373,6.613978120062249,5386
lin,TTdew,1.0,0.47930373433346524,0.3952685823620353,0.41983471074380163,0.5387727579231288,6.656363248441296,5386
lin,TTdew,2.0,0.4816473754897098,0.3987068689065184,0.4214876033057851,0.5418071476736345,6.7655754515871305,5386
poly2,TTdew,0.0,0.474160039678338,0.3905403648589719,0.4115702479338843,0.5367498314227916,5.511102762337639,5386
poly2,TTdew,0.1,0.4712726325351225,0.3876188087277336,0.40950413223140497,0.5330411328388401,5.70341943785687,5386
poly2,TTdew,0.25,0.4710660209648746,0.38724549219563925,0.4090909090909091,0.5330411328388401,5.7640455966109805,5386
poly2,TTdew,0.5,0.47110405532676114,0.38783444799161904,0.40950413223140497,0.5327039784221174,5.791708376130929,5386
poly2,TTdew,1.0,0.47170745027668953,0.3878332652369131,0.412396694214876,0.531018206338503,5.961087077273628,5386
poly2,TTdew,2.0,0.4714628043445551,0.38611662633492105,0.4115702479338843,0.5313553607552259,6.092744204213855,5386
ridge,TTdew,0.0,0.47643276695106523,0.3929071312831517,0.4161157024793388,0.5367498314227916,5.511304642375238,5386
ridge,TTdew,0.1,0.47281142201144655,0.3891085660644301,0.4115702479338843,0.5340525960890088,5.703028045800383,5386
ridge,TTdew,0.25,0.47198497573045484,0.38812821136118314,0.4099173553719008,0.5340525960890088,5.763346279290424,5386
ridge,TTdew,0.5,0.47219158730070276,0.38878158961202386,0.4103305785123967,0.5340525960890088,5.790871945316684,5386
ridge,TTdew,1.0,0.4725503363184967,0.3883112739239646,0.412396694214876,0.5327039784221174,5.95928497491231,5386
ridge,TTdew,2.0,0.473132136667354,0.38780704131503857,0.4132231404958678,0.5330411328388401,6.0902693167024005,5386
rf,TT,0.0,0.5127048700701615,0.42796599091933196,0.4768595041322314,0.5485502360080917,2.9464243718939476,5386
rf,TTdew,0.0,0.5047005177131457,0.42071586073551315,0.47231404958677686,0.5370869858395145,2.6849115366481078,5386
